{
  "DummyClassifier": {
    "accuracy": 0.7375,
    "f1": 0.0,
    "roc_auc": 0.5
  },
  "LogisticRegression": {
    "accuracy": 0.8119444444444445,
    "f1": 0.5606748864373783,
    "roc_auc": 0.7976922846979344
  },
  "DecisionTree": {
    "accuracy": 0.8383333333333334,
    "f1": 0.6576470588235294,
    "roc_auc": 0.8371031995137457
  },
  "RandomForest": {
    "accuracy": 0.8872222222222222,
    "f1": 0.7465667915106118,
    "roc_auc": 0.9257712811008479
  },
  "GradientBoosting": {
    "accuracy": 0.9005555555555556,
    "f1": 0.7947247706422018,
    "roc_auc": 0.9270845664066003
  }
}